model,AssA_AUC,IDF1,HOTA_AUC,MT,GT_IDs,IDSW,Frag,Dets,MT_percent,AssA_AUC_norm,IDF1_norm,HOTA_AUC_norm,MT_percent_norm,IDSW_norm,Frag_norm,composite_score_raw,composite_score
Salmones2024,0.5345837666342381,0.642824341430445,0.4885662649574929,10.166666666666666,37.0,11.333333333333334,29.0,1261.8333333333333,0.2747747747747748,1.0,1.0,1.0000000000000002,1.0000000000000002,0.9999999999999999,0.954022988505747,0.6545977011494254,1.0
yolo11m,0.43810643671092947,0.4117607830163122,0.3414442442573105,2.3333333333333335,37.0,4.833333333333333,16.833333333333332,630.8333333333334,0.06306306306306307,0.4366109785908048,0.2980497593263194,0.364099526633888,0.2033898305084746,0.0,0.11494252873563204,0.29078594151072895,0.4776348222802194
yolo11l,0.3972939540304113,0.37311481545685954,0.29915160959953563,2.6666666666666665,37.0,6.666666666666667,20.0,495.3333333333333,0.07207207207207207,0.1982824023653369,0.1806467970608261,0.18129951973630898,0.23728813559322035,0.28205128205128205,0.33333333333333326,0.10394582007438125,0.20936759162168042
yolov8l,0.3912964295731934,0.38998935572544485,0.30442911675957113,1.8333333333333333,37.0,5.833333333333333,26.0,582.1666666666666,0.04954954954954955,0.16325925819752385,0.23191012773957098,0.20411030825925014,0.15254237288135594,0.15384615384615374,0.7471264367816091,0.07089179676827292,0.16190823853260966
yolov9c,0.3678378365329282,0.3136506407527803,0.2572061278571095,0.6666666666666666,37.0,5.666666666666667,15.166666666666666,404.5,0.018018018018018018,0.02627045692060781,0.0,0.0,0.03389830508474576,0.1282051282051282,0.0,-0.00023602238982551108,0.05978208424820984
yolov8m,0.363339162538135,0.37757676298021003,0.2877973398504034,0.3333333333333333,37.0,5.5,29.666666666666668,541.5,0.009009009009009009,0.0,0.1942017910174052,0.1322233483118176,0.0,0.10256410256410253,0.9999999999999998,-0.0418724602552863,0.0
