model,AssA_AUC,IDF1,HOTA_AUC,MT,GT_IDs,IDSW,Frag,Dets,MT_percent,AssA_AUC_norm,IDF1_norm,HOTA_AUC_norm,MT_percent_norm,IDSW_norm,Frag_norm,composite_score_raw,composite_score
Salmones2024,0.5369075772133383,0.5801622348622173,0.4617614787763878,8.5,36.0,8.166666666666666,36.5,1450.8333333333333,0.23611111111111108,1.0,0.8938814678790048,1.0,0.9999999999999999,1.0,0.8953488372093024,0.633935483248821,1.0
yolo11m,0.5299497437520689,0.5959307757672705,0.45046172489585223,5.166666666666667,36.0,5.666666666666667,31.666666666666668,1277.3333333333333,0.14351851851851852,0.864889065404375,1.0000000000000004,0.8957400907676787,0.574468085106383,0.6428571428571429,0.5581395348837208,0.6244193272432351,0.9849887626469226
yolov9c,0.5154365333429335,0.5438956374038388,0.41734574045389256,3.6666666666666665,36.0,5.5,31.166666666666668,1063.1666666666667,0.10185185185185185,0.5830637769325353,0.6498158875263651,0.5901874593953167,0.3829787234042553,0.6190476190476191,0.5232558139534882,0.37912194175759095,0.59804499318235
yolov8l,0.5120205003213492,0.5328572129374862,0.4182436743431843,5.333333333333333,36.0,6.0,28.0,1034.6666666666667,0.14814814814814814,0.5167294191579561,0.5755299146927948,0.5984724633683189,0.5957446808510638,0.6904761904761905,0.3023255813953487,0.37480293578168367,0.591231987616274
yolov8m,0.5130879028427395,0.556868422933806,0.427624130056026,3.6666666666666665,36.0,4.333333333333333,38.0,1083.3333333333333,0.10185185185185185,0.5374568126860666,0.7371196505219282,0.6850235043483668,0.3829787234042553,0.45238095238095233,0.9999999999999998,0.3682030998251908,0.5808210922950818
yolo11l,0.48541038727757546,0.4473371174317591,0.35338085612155323,0.6666666666666666,36.0,1.1666666666666667,23.666666666666668,647.8333333333334,0.018518518518518517,0.0,0.0,0.0,0.0,0.0,0.0,0.0,0.0
