model,AssA_AUC,IDF1,HOTA_AUC,MT,GT_IDs,IDSW,Frag,Dets,MT_percent,AssA_AUC_norm,IDF1_norm,HOTA_AUC_norm,MT_percent_norm,IDSW_norm,Frag_norm,composite_score_raw,composite_score
Salmones2024,0.5357456719237882,0.6114932881463311,0.4751638718669403,9.333333333333332,36.5,9.75,32.75,1356.3333333333333,0.25544294294294295,1.0,1.0,1.0,0.9999999999999999,1.0,0.9097222222222219,0.6590277777777778,1.0
yolo11m,0.4840280902314992,0.5038457793917913,0.39595298457658135,3.75,36.5,5.25,24.25,954.0833333333333,0.10329079079079079,0.46973805661586177,0.4651515812690503,0.4680178421972392,0.2759749925573087,0.22857142857142854,0.2013888888888884,0.33550035897209923,0.5163098625990477
yolov8l,0.45165846494727124,0.4614232843314655,0.36133639555137775,3.583333333333333,36.5,5.916666666666666,27.0,808.4166666666667,0.09884884884884884,0.13785130073550622,0.25437471644281295,0.23553202673231688,0.25483774933015774,0.34285714285714275,0.43055555555555536,0.09531394346972388,0.15721881323743145
yolov9c,0.4416371849379308,0.4287731390783096,0.33727593415550106,2.1666666666666665,36.5,5.583333333333334,23.166666666666668,733.8333333333334,0.05993493493493493,0.03510281097497714,0.09215193245061215,0.0739414094704598,0.06966359035427205,0.2857142857142858,0.11111111111111094,0.013698997727351536,0.0352002700616205
yolo11l,0.44135217065399335,0.4102259664443093,0.32626623286054446,1.6666666666666665,36.5,3.916666666666667,21.833333333333336,571.5833333333334,0.045295295295295294,0.03218055082383309,0.0,0.0,0.0,0.0,0.0,0.01126319278834158,0.03155861634960762
yolov8m,0.4382135326904373,0.467222592957008,0.3577107349532147,2.0,36.5,4.916666666666666,33.833333333333336,812.4166666666666,0.05543043043043043,0.0,0.2831886767842162,0.21118200599083758,0.04822863947603451,0.17142857142857126,1.0,-0.009845523100573988,0.0
