model,mean_composite
Salmones2024,1.0
yolo11m,0.731311792463571
yolov8l,0.3765701130744419
yolov9c,0.32891353871527995
yolov8m,0.2904105461475409
yolo11l,0.10468379581084021
