seq,Pytorch,FP16,INT8
Average,1.0,0.9755224834195506,0.0
Tracking1,1.0,0.9828789598736904,0.0
Tracking2,1.0,0.9591259094134313,0.0
